{"beats": [1.230657596371882, 3.9938321995464854, 6.594467120181406, 9.195102040816327, 11.679637188208616, 14.419591836734694, 16.69514739229025, 19.365442176870747, 21.989297052154196, 24.56671201814059, 27.051247165532878, 29.76798185941043, 32.53115646258503, 35.247891156462586, 37.56988662131519, 40.054421768707485, 42.81759637188209, 45.37179138321996, 47.87954648526077, 50.5730612244898, 53.10403628117914, 55.843990929705214, 58.44462585034014, 61.06848072562358, 63.831655328798185, 66.26975056689342, 68.84716553287981, 71.4942403628118, 74.2574149659864, 77.020589569161, 79.48190476190476, 82.22185941043084, 84.56707482993197, 87.14448979591836, 89.90766439909297, 92.64761904761905, 95.13215419501134, 97.87210884353742, 100.35664399092971, 103.07337868480725, 105.55791383219955, 108.29786848072563, 110.89850340136054, 113.52235827664398, 115.98367346938775, 118.72362811791383, 121.20816326530613, 123.9481179138322, 126.40943310657596, 128.8475283446712, 131.4249433106576, 134.0952380952381, 136.8584126984127, 139.29650793650794, 141.87392290249434, 144.5209977324263, 147.2841723356009, 150.02412698412698, 152.6015419501134, 155.2253968253968, 157.70993197278912, 160.4498866213152, 162.9344217687075, 165.67437641723356, 168.13569160997733, 170.57378684807256, 173.15120181405896, 175.82149659863944, 178.4221315192744, 181.0227664399093, 183.60018140589568, 186.24725623582768, 188.8711111111111, 191.75038548752835, 194.21170068027212, 196.83555555555554, 199.4361904761905, 202.17614512471656, 204.66068027210883, 207.40063492063493, 209.9780498866213], "bpm": 92.28515625}