{"beats": [0.3250793650793651, 1.3235374149659864, 2.159455782312925, 3.0418140589569163, 3.8545124716553287, 4.73687074829932, 5.6656689342403626, 6.594467120181406, 7.476825396825397, 8.382403628117913, 9.264761904761905, 10.147120181405896, 11.075918367346938, 11.95827664399093, 12.747755102040816, 13.746213151927437, 14.698231292517006, 15.603809523809524, 16.532607709750568, 17.438185941043084, 18.413424036281178, 19.319002267573698, 20.29424036281179, 21.176598639455783, 22.058956916099774, 23.010975056689343, 23.939773242630384, 24.822131519274375, 25.774149659863944, 26.726167800453513, 27.608526077097505, 28.53732426303855, 29.489342403628118, 30.34848072562358, 31.32371882086168, 32.298956916099776, 33.13487528344671, 34.08689342403628, 35.015691609977324, 35.9677097505669, 36.89650793650794, 37.82530612244898, 38.800544217687076, 39.72934240362812, 40.61170068027211, 41.586938775510205, 42.53895691609977, 43.490975056689344, 44.44299319727891, 45.37179138321996, 46.32380952380952, 47.275827664399095, 48.251065759637186, 49.179863945578234, 50.155102040816324, 51.08390022675737, 52.082358276643994, 52.98793650793651, 53.939954648526076, 54.84553287981859, 55.797551020408164, 56.726349206349205, 57.67836734693878, 58.583945578231294, 59.512743764172335, 60.46476190476191, 61.39356009070295, 62.345578231292514, 63.25115646258504, 64.27283446712018, 65.15519274376418, 66.10721088435375, 67.08244897959183, 68.05768707482993, 68.96326530612245, 69.84562358276644, 70.82086167800453, 71.72643990929706, 72.65523809523809, 73.56081632653061, 74.51283446712019, 75.39519274376417, 76.34721088435374, 77.27600907029479, 78.29768707482994, 79.18004535147392, 80.08562358276644, 81.037641723356, 81.96643990929705, 82.8952380952381, 83.80081632653061, 84.75283446712018, 85.7512925170068, 86.7265306122449, 87.63210884353741, 88.58412698412698, 89.51292517006803, 90.41850340136054, 91.37052154195011, 92.27609977324263, 93.2281179138322, 94.15691609977324], "bpm": 64.19836956521739}