{"beats": [0.046439909297052155, 0.6501587301587302, 1.230657596371882, 1.9969160997732427, 2.670294784580499, 3.320453514739229, 3.9938321995464854, 4.6439909297052155, 5.317369614512471, 5.9675283446712015, 6.594467120181406, 7.267845804988662, 7.894784580498866, 8.544943310657596, 9.195102040816327, 9.868480725623582, 10.495419501133787, 11.145578231292516, 11.795736961451247, 12.469115646258503, 13.119274376417234, 13.769433106575963, 14.419591836734694, 15.069750566893424, 15.74312925170068, 16.370068027210884, 17.020226757369613, 17.670385487528346, 18.320544217687075, 18.99392290249433, 19.644081632653062, 20.317460317460316, 20.921179138321996, 21.59455782312925, 22.244716553287983, 22.894875283446712, 23.54503401360544, 24.19519274376417, 24.845351473922904, 25.495510204081633, 26.16888888888889, 26.81904761904762, 27.46920634920635, 28.142585034013607, 28.76952380952381, 29.41968253968254, 30.06984126984127, 30.72, 31.37015873015873, 31.973877551020408, 32.53115646258503, 33.18131519274377, 33.8314739229025, 34.43519274376417, 35.062131519274374, 35.64263038548753, 36.26956916099773, 36.94294784580499, 37.56988662131519, 38.243265306122446, 38.87020408163265, 39.54358276643991, 40.216961451247165, 40.867120181405895, 41.4940589569161, 42.16743764172335, 42.840816326530614, 43.44453514739229, 44.09469387755102, 44.76807256235828, 45.464671201814056, 46.068390022675736, 46.718548752834465, 47.368707482993194, 47.9956462585034, 48.64580498866213, 49.295963718820865, 49.89968253968254, 50.50340136054422, 51.13034013605442, 51.803718820861675, 52.453877551020405, 53.10403628117914, 53.84707482993197, 54.56689342403628, 55.21705215419501, 55.843990929705214, 56.49414965986394, 57.14430839002267, 57.79446712018141, 58.44462585034014, 59.09478458049887, 59.72172335600907, 60.41832199546485, 61.06848072562358, 61.74185941043084, 62.461678004535145, 63.15827664399093, 63.831655328798185, 64.55147392290249, 65.2712925170068, 65.92145124716554, 66.57160997732426, 67.221768707483, 67.89514739229026, 68.5685260770975, 69.19546485260771, 69.84562358276644, 70.47256235827665, 71.12272108843537, 71.79609977324263, 72.44625850340137, 73.09641723356009, 73.70013605442176, 74.2574149659864, 74.86113378684807, 75.44163265306122, 76.06857142857143, 76.74195011337868, 77.36888888888889, 77.99582766439909, 78.64598639455782, 79.29614512471656, 79.9695238095238, 80.59646258503402, 81.22340136054422], "bpm": 92.28515625}