{"beats": [0.16253968253968254, 0.5340589569160997, 0.9752380952380952, 1.4164172335600906, 1.787936507936508, 2.2058956916099772, 2.693514739229025, 3.1579138321995464, 3.622312925170068, 4.040272108843538, 4.527891156462585, 4.992290249433107, 5.410249433106576, 5.851428571428571, 6.292607709750567, 6.780226757369615, 7.174965986394557, 7.616145124716553, 8.126984126984127, 8.568163265306122, 9.009342403628118, 9.404081632653062, 9.868480725623582, 10.309659863945578, 10.7740589569161, 11.168798185941043, 11.609977324263038, 12.051156462585034, 12.515555555555556, 12.933514739229025, 13.374693877551021, 13.839092970521541, 14.303492063492063, 14.767891156462586, 15.209070294784581, 15.673469387755102, 16.091428571428573, 16.50938775510204, 17.020226757369613, 17.438185941043084, 17.856145124716555, 18.274104308390022, 18.738503401360543, 19.156462585034014, 19.574421768707484, 19.99238095238095, 20.503219954648525, 20.921179138321996, 21.36235827664399, 21.849977324263037, 22.291156462585032, 22.755555555555556, 23.2431746031746, 23.661133786848072, 24.102312925170068, 24.49705215419501, 24.98467120181406, 25.402630385487527, 25.86702947845805, 26.261768707482993, 26.726167800453513, 27.144126984126984, 27.58530612244898, 28.026485260770976, 28.46766439909297, 28.908843537414967, 29.326802721088434, 29.72154195011338, 30.139501133786847, 30.580680272108843, 31.045079365079363, 31.532698412698412, 31.997097505668933, 32.48471655328798, 32.90267573696145, 33.34385487528345, 33.80825396825397, 34.22621315192744], "bpm": 137.8125}