{"beats": [0.3250793650793651, 0.9520181405895691, 1.5789569160997732, 2.2755555555555556, 2.9257142857142857, 3.599092970521542, 4.272471655328798, 4.899410430839002, 5.572789115646258, 6.199727891156463, 6.849886621315193, 7.500045351473923, 8.17342403628118, 8.893242630385487, 9.58984126984127, 10.216780045351474, 10.820498866213152, 11.493877551020407, 12.144036281179138, 12.817414965986394, 13.467573696145125, 14.117732426303855, 14.814331065759637, 15.464489795918368, 16.114648526077097, 16.788027210884355, 17.46140589569161, 18.134784580498867, 18.808163265306124, 19.458321995464853, 20.131700680272107, 20.758639455782312, 21.408798185941045, 22.058956916099774, 22.709115646258503, 23.359274376417233, 24.009433106575965, 24.636371882086166, 25.26331065759637, 25.890249433106575, 26.540408163265305, 27.16734693877551, 27.794285714285714, 28.444444444444443, 29.071383219954647, 29.72154195011338, 30.34848072562358, 30.95219954648526, 31.60235827664399, 32.229297052154195, 32.879455782312924, 33.50639455782313, 34.15655328798186, 34.80671201814059, 35.43365079365079, 36.08380952380952, 36.73396825396826], "bpm": 90.66611842105263}