{"beats": [0.16253968253968254, 0.5804988662131519, 0.9984580498866213, 1.4164172335600906, 1.8575963718820863, 2.3219954648526078, 2.7399546485260773, 3.1811337868480725, 3.6687528344671203, 4.08671201814059, 4.574331065759637, 4.992290249433107, 5.38702947845805, 5.828208616780046, 6.246167800453515, 6.617687074829932, 7.035646258503402, 7.476825396825397, 7.918004535147392, 8.359183673469389, 8.777142857142858, 9.241541950113378, 9.682721088435374, 10.170340136054422, 10.611519274376418, 11.00625850340136, 11.447437641723356, 11.842176870748299, 12.30657596371882, 12.747755102040816, 13.188934240362812, 13.583673469387755, 14.02485260770975, 14.512471655328799, 14.907210884353741, 15.371609977324264, 15.789569160997733, 16.16108843537415, 16.579047619047618, 17.020226757369613, 17.46140589569161], "bpm": 137.8125}