{"beats": [1.0216780045351475, 2.995374149659864, 5.038730158730159, 7.035646258503402, 9.032562358276644, 11.052698412698414, 13.072834467120181, 15.069750566893424, 17.322086167800453, 19.52798185941043, 21.501678004535147, 23.475374149659864, 25.727709750566895, 27.93360544217687, 29.90730158730159, 31.880997732426305, 33.85469387755102, 35.828390022675734, 37.802086167800454, 39.77578231292517, 41.749478458049886, 43.74639455782313, 45.72009070294784, 47.67056689342404, 49.48172335600907], "bpm": 121.59926470588235}