{"beats": [0.9287981859410431, 3.3436734693877552, 5.735328798185941, 8.126984126984127, 10.518639455782314, 12.887074829931972, 15.27873015873016, 17.670385487528346, 20.038820861678005, 22.430476190476192, 24.822131519274375, 27.213786848072562, 29.60544217687075, 31.997097505668933, 34.38875283446712, 36.78040816326531, 39.172063492063494, 41.56371882086168, 43.6302947845805], "bpm": 100.3489077669903}