{"beats": [1.0448979591836736, 4.388571428571429, 7.7090249433106575, 10.983038548752834, 14.280272108843537, 17.716825396825396, 20.874739229024943, 23.54503401360544, 26.470748299319727, 29.76798185941043, 32.949115646258505, 36.45532879818594, 39.7990022675737, 42.72471655328798, 46.04517006802721, 49.36562358276644, 52.70929705215419, 56.029750566893426, 59.37342403628118, 62.71709750566893, 66.03755102040816, 69.38122448979591, 72.70167800453515, 75.83637188208617, 79.18004535147392, 82.70947845804989, 86.05315192743764, 89.37360544217687, 92.71727891156462, 96.03773242630386, 99.35818594104309, 102.70185941043084, 106.0455328798186, 109.36598639455782, 112.70965986394557, 116.05333333333333, 119.37378684807257, 122.71746031746032, 125.85215419501134, 129.35836734693876, 132.72526077097507, 136.0457142857143, 139.57514739229026, 142.68662131519275, 146.19283446712018, 149.37396825396826, 152.717641723356, 156.03809523809525, 159.381768707483, 162.72544217687076, 166.04589569160999, 169.59854875283446, 172.71002267573695, 176.05369614512472, 179.65278911564627, 182.7178231292517, 186.03827664399094, 189.38195011337868, 192.72562358276645, 196.04607709750567, 199.3897505668934, 202.71020408163264, 206.0306575963719, 209.37433106575963, 212.7180045351474, 216.03845804988663, 219.38213151927437, 222.7025850340136, 226.04625850340136, 229.38993197278913, 232.71038548752836, 236.0540589569161, 239.18875283446712, 242.50920634920635, 246.03863945578232, 249.38231292517005, 252.7027664399093, 256.2554195011338, 260.22603174603177, 264.3591836734694, 267.70285714285717, 271.0465306122449, 274.3669841269841, 277.7106575963719, 281.0311111111111, 285.00172335600905, 288.11319727891157, 291.4568707482993, 294.80054421768705, 298.1209977324263, 301.46467120181404, 304.7851247165533, 308.12879818594104, 311.2867120181406, 314.37496598639456, 317.7186394557823, 321.0623129251701, 324.3827664399093, 327.726439909297, 331.0468934240363, 334.390566893424, 337.68780045351474, 341.054693877551, 344.3751473922903, 347.718820861678, 351.0392743764172, 354.35972789115647, 357.7034013605442, 361.0702947845805, 364.3675283446712, 367.29324263038546, 370.63691609977326, 373.95736961451246, 377.13850340136054, 380.62149659863945, 384.08126984126983, 387.28562358276645, 390.6525170068027, 394.08907029478456, 397.3863038548753, 400.7764172335601, 404.18975056689345, 407.60308390022675], "bpm": 71.77734375}